result,queue,major,minor
HIT,LLTI
HIT,LLTJ,LLTJ
HIT,LLTJ,LLJT
HIT,LLTJ,LTLJ
HIT,LLTJ,LTJL
HIT,LLTJ,LJLT
HIT,LLTJ,LJTL
HIT,LLTJ,TLLJ,TIJ
HIT,LLTJ,TLLJ,TIL
HIT,LLTJ,TLLJ,TIO
HIT,LLTJ,TLLJ,TIS
HIT,LLTJ,TLLJ,TIZ
HIT,LLTJ,TLLJ,TJI
HIT,LLTJ,TLLJ,TJL
HIT,LLTJ,TLLJ,TJO
HIT,LLTJ,TLLJ,TJS
HIT,LLTJ,TLLJ,TJZ
HIT,LLTJ,TLLJ,TLI
MISS,LLTJ,TLLJ,TLJ
MISS,LLTJ,TLLJ,TLO
MISS,LLTJ,TLLJ,TLS
MISS,LLTJ,TLLJ,TLZ
MISS,LLTJ,TLLJ,TOI
MISS,LLTJ,TLLJ,TOJ
MISS,LLTJ,TLLJ,TOL
MISS,LLTJ,TLLJ,TOS
MISS,LLTJ,TLLJ,TOZ
MISS,LLTJ,TLLJ,TSI
MISS,LLTJ,TLLJ,TSJ
MISS,LLTJ,TLLJ,TSL
MISS,LLTJ,TLLJ,TSO
MISS,LLTJ,TLLJ,TSZ
MISS,LLTJ,TLLJ,TZI
MISS,LLTJ,TLLJ,TZJ
MISS,LLTJ,TLLJ,TZL
MISS,LLTJ,TLLJ,TZO
MISS,LLTJ,TLLJ,TZS
MISS,LLTJ,TLLJ,ITJ
MISS,LLTJ,TLLJ,ITL
MISS,LLTJ,TLLJ,ITO
MISS,LLTJ,TLLJ,ITS
MISS,LLTJ,TLLJ,ITZ
MISS,LLTJ,TLLJ,IJT
MISS,LLTJ,TLLJ,IJL
MISS,LLTJ,TLLJ,IJO
MISS,LLTJ,TLLJ,IJS
MISS,LLTJ,TLLJ,IJZ
MISS,LLTJ,TLLJ,ILT
MISS,LLTJ,TLLJ,ILJ
MISS,LLTJ,TLLJ,ILO
MISS,LLTJ,TLLJ,ILS
MISS,LLTJ,TLLJ,ILZ
MISS,LLTJ,TLLJ,IOT
MISS,LLTJ,TLLJ,IOJ
MISS,LLTJ,TLLJ,IOL
MISS,LLTJ,TLLJ,IOS
MISS,LLTJ,TLLJ,IOZ
MISS,LLTJ,TLLJ,IST
MISS,LLTJ,TLLJ,ISJ
MISS,LLTJ,TLLJ,ISL
MISS,LLTJ,TLLJ,ISO
MISS,LLTJ,TLLJ,ISZ
MISS,LLTJ,TLLJ,IZT
MISS,LLTJ,TLLJ,IZJ
MISS,LLTJ,TLLJ,IZL
MISS,LLTJ,TLLJ,IZO
MISS,LLTJ,TLLJ,IZS
MISS,LLTJ,TLLJ,JTI
MISS,LLTJ,TLLJ,JTL
MISS,LLTJ,TLLJ,JTO
MISS,LLTJ,TLLJ,JTS
MISS,LLTJ,TLLJ,JTZ
MISS,LLTJ,TLLJ,JIT
MISS,LLTJ,TLLJ,JIL
MISS,LLTJ,TLLJ,JIO
MISS,LLTJ,TLLJ,JIS
MISS,LLTJ,TLLJ,JIZ
MISS,LLTJ,TLLJ,JLT
MISS,LLTJ,TLLJ,JLI
MISS,LLTJ,TLLJ,JLO
MISS,LLTJ,TLLJ,JLS
MISS,LLTJ,TLLJ,JLZ
MISS,LLTJ,TLLJ,JOT
MISS,LLTJ,TLLJ,JOI
MISS,LLTJ,TLLJ,JOL
MISS,LLTJ,TLLJ,JOS
MISS,LLTJ,TLLJ,JOZ
MISS,LLTJ,TLLJ,JST
MISS,LLTJ,TLLJ,JSI
MISS,LLTJ,TLLJ,JSL
MISS,LLTJ,TLLJ,JSO
MISS,LLTJ,TLLJ,JSZ
MISS,LLTJ,TLLJ,JZT
MISS,LLTJ,TLLJ,JZI
MISS,LLTJ,TLLJ,JZL
MISS,LLTJ,TLLJ,JZO
MISS,LLTJ,TLLJ,JZS
MISS,LLTJ,TLLJ,LTI
MISS,LLTJ,TLLJ,LTJ
MISS,LLTJ,TLLJ,LTO
MISS,LLTJ,TLLJ,LTS
MISS,LLTJ,TLLJ,LTZ
MISS,LLTJ,TLLJ,LIT
MISS,LLTJ,TLLJ,LIJ
MISS,LLTJ,TLLJ,LIO
MISS,LLTJ,TLLJ,LIS
MISS,LLTJ,TLLJ,LIZ
MISS,LLTJ,TLLJ,LJT
MISS,LLTJ,TLLJ,LJI
MISS,LLTJ,TLLJ,LJO
MISS,LLTJ,TLLJ,LJS
MISS,LLTJ,TLLJ,LJZ
MISS,LLTJ,TLLJ,LOT
MISS,LLTJ,TLLJ,LOI
MISS,LLTJ,TLLJ,LOJ
MISS,LLTJ,TLLJ,LOS
MISS,LLTJ,TLLJ,LOZ
MISS,LLTJ,TLLJ,LST
MISS,LLTJ,TLLJ,LSI
MISS,LLTJ,TLLJ,LSJ
MISS,LLTJ,TLLJ,LSO
MISS,LLTJ,TLLJ,LSZ
MISS,LLTJ,TLLJ,LZT
MISS,LLTJ,TLLJ,LZI
MISS,LLTJ,TLLJ,LZJ
MISS,LLTJ,TLLJ,LZO
MISS,LLTJ,TLLJ,LZS
MISS,LLTJ,TLLJ,OTI
MISS,LLTJ,TLLJ,OTJ
MISS,LLTJ,TLLJ,OTL
MISS,LLTJ,TLLJ,OTS
MISS,LLTJ,TLLJ,OTZ
MISS,LLTJ,TLLJ,OIT
MISS,LLTJ,TLLJ,OIJ
MISS,LLTJ,TLLJ,OIL
MISS,LLTJ,TLLJ,OIS
MISS,LLTJ,TLLJ,OIZ
MISS,LLTJ,TLLJ,OJT
MISS,LLTJ,TLLJ,OJI
MISS,LLTJ,TLLJ,OJL
MISS,LLTJ,TLLJ,OJS
MISS,LLTJ,TLLJ,OJZ
MISS,LLTJ,TLLJ,OLT
MISS,LLTJ,TLLJ,OLI
MISS,LLTJ,TLLJ,OLJ
MISS,LLTJ,TLLJ,OLS
MISS,LLTJ,TLLJ,OLZ
MISS,LLTJ,TLLJ,OST
MISS,LLTJ,TLLJ,OSI
MISS,LLTJ,TLLJ,OSJ
MISS,LLTJ,TLLJ,OSL
MISS,LLTJ,TLLJ,OSZ
MISS,LLTJ,TLLJ,OZT
MISS,LLTJ,TLLJ,OZI
MISS,LLTJ,TLLJ,OZJ
MISS,LLTJ,TLLJ,OZL
MISS,LLTJ,TLLJ,OZS
MISS,LLTJ,TLLJ,STI
MISS,LLTJ,TLLJ,STJ
MISS,LLTJ,TLLJ,STL
MISS,LLTJ,TLLJ,STO
MISS,LLTJ,TLLJ,STZ
MISS,LLTJ,TLLJ,SIT
MISS,LLTJ,TLLJ,SIJ
MISS,LLTJ,TLLJ,SIL
MISS,LLTJ,TLLJ,SIO
MISS,LLTJ,TLLJ,SIZ
MISS,LLTJ,TLLJ,SJT
MISS,LLTJ,TLLJ,SJI
MISS,LLTJ,TLLJ,SJL
MISS,LLTJ,TLLJ,SJO
MISS,LLTJ,TLLJ,SJZ
MISS,LLTJ,TLLJ,SLT
MISS,LLTJ,TLLJ,SLI
MISS,LLTJ,TLLJ,SLJ
MISS,LLTJ,TLLJ,SLO
MISS,LLTJ,TLLJ,SLZ
MISS,LLTJ,TLLJ,SOT
MISS,LLTJ,TLLJ,SOI
MISS,LLTJ,TLLJ,SOJ
MISS,LLTJ,TLLJ,SOL
MISS,LLTJ,TLLJ,SOZ
MISS,LLTJ,TLLJ,SZT
MISS,LLTJ,TLLJ,SZI
MISS,LLTJ,TLLJ,SZJ
MISS,LLTJ,TLLJ,SZL
MISS,LLTJ,TLLJ,SZO
MISS,LLTJ,TLLJ,ZTI
MISS,LLTJ,TLLJ,ZTJ
MISS,LLTJ,TLLJ,ZTL
MISS,LLTJ,TLLJ,ZTO
MISS,LLTJ,TLLJ,ZTS
MISS,LLTJ,TLLJ,ZIT
MISS,LLTJ,TLLJ,ZIJ
MISS,LLTJ,TLLJ,ZIL
MISS,LLTJ,TLLJ,ZIO
MISS,LLTJ,TLLJ,ZIS
MISS,LLTJ,TLLJ,ZJT
MISS,LLTJ,TLLJ,ZJI
MISS,LLTJ,TLLJ,ZJL
MISS,LLTJ,TLLJ,ZJO
MISS,LLTJ,TLLJ,ZJS
MISS,LLTJ,TLLJ,ZLT
MISS,LLTJ,TLLJ,ZLI
MISS,LLTJ,TLLJ,ZLJ
MISS,LLTJ,TLLJ,ZLO
MISS,LLTJ,TLLJ,ZLS
MISS,LLTJ,TLLJ,ZOT
MISS,LLTJ,TLLJ,ZOI
MISS,LLTJ,TLLJ,ZOJ
MISS,LLTJ,TLLJ,ZOL
MISS,LLTJ,TLLJ,ZOS
MISS,LLTJ,TLLJ,ZST
MISS,LLTJ,TLLJ,ZSI
MISS,LLTJ,TLLJ,ZSJ
MISS,LLTJ,TLLJ,ZSL
MISS,LLTJ,TLLJ,ZSO
MISS,LLTJ,TLJL
MISS,LLTJ,TJLL
MISS,LLTJ,JLLT
MISS,LLTJ,JLTL
MISS,LLTJ,JTLL
HIT,LLTO
HIT,LLTS
HIT,LLTZ
HIT,LLIJ,LLIJ,TIJ
HIT,LLIJ,LLIJ,TIL
HIT,LLIJ,LLIJ,TIO
HIT,LLIJ,LLIJ,TIS
HIT,LLIJ,LLIJ,TIZ
HIT,LLIJ,LLIJ,TJI
HIT,LLIJ,LLIJ,TJL
HIT,LLIJ,LLIJ,TJO
HIT,LLIJ,LLIJ,TJS
HIT,LLIJ,LLIJ,TJZ
HIT,LLIJ,LLIJ,TLI
HIT,LLIJ,LLIJ,TLJ
HIT,LLIJ,LLIJ,TLO
HIT,LLIJ,LLIJ,TLS
HIT,LLIJ,LLIJ,TLZ
HIT,LLIJ,LLIJ,TOI
HIT,LLIJ,LLIJ,TOJ
HIT,LLIJ,LLIJ,TOL
HIT,LLIJ,LLIJ,TOS
HIT,LLIJ,LLIJ,TOZ
HIT,LLIJ,LLIJ,TSI
HIT,LLIJ,LLIJ,TSJ
HIT,LLIJ,LLIJ,TSL
HIT,LLIJ,LLIJ,TSO
HIT,LLIJ,LLIJ,TSZ
HIT,LLIJ,LLIJ,TZI
HIT,LLIJ,LLIJ,TZJ
HIT,LLIJ,LLIJ,TZL
HIT,LLIJ,LLIJ,TZO
HIT,LLIJ,LLIJ,TZS
HIT,LLIJ,LLIJ,ITJ
HIT,LLIJ,LLIJ,ITL
HIT,LLIJ,LLIJ,ITO
HIT,LLIJ,LLIJ,ITS
HIT,LLIJ,LLIJ,ITZ
HIT,LLIJ,LLIJ,IJT
HIT,LLIJ,LLIJ,IJL
HIT,LLIJ,LLIJ,IJO
HIT,LLIJ,LLIJ,IJS
HIT,LLIJ,LLIJ,IJZ
HIT,LLIJ,LLIJ,ILT
HIT,LLIJ,LLIJ,ILJ
HIT,LLIJ,LLIJ,ILO
HIT,LLIJ,LLIJ,ILS
HIT,LLIJ,LLIJ,ILZ
HIT,LLIJ,LLIJ,IOT
HIT,LLIJ,LLIJ,IOJ
HIT,LLIJ,LLIJ,IOL
HIT,LLIJ,LLIJ,IOS
HIT,LLIJ,LLIJ,IOZ
HIT,LLIJ,LLIJ,IST
HIT,LLIJ,LLIJ,ISJ
HIT,LLIJ,LLIJ,ISL
HIT,LLIJ,LLIJ,ISO
HIT,LLIJ,LLIJ,ISZ
HIT,LLIJ,LLIJ,IZT
HIT,LLIJ,LLIJ,IZJ
HIT,LLIJ,LLIJ,IZL
HIT,LLIJ,LLIJ,IZO
HIT,LLIJ,LLIJ,IZS
HIT,LLIJ,LLIJ,JTI
HIT,LLIJ,LLIJ,JTL
HIT,LLIJ,LLIJ,JTO
HIT,LLIJ,LLIJ,JTS
HIT,LLIJ,LLIJ,JTZ
HIT,LLIJ,LLIJ,JIT
HIT,LLIJ,LLIJ,JIL
HIT,LLIJ,LLIJ,JIO
HIT,LLIJ,LLIJ,JIS
HIT,LLIJ,LLIJ,JIZ
HIT,LLIJ,LLIJ,JLT
HIT,LLIJ,LLIJ,JLI
HIT,LLIJ,LLIJ,JLO
HIT,LLIJ,LLIJ,JLS
HIT,LLIJ,LLIJ,JLZ
HIT,LLIJ,LLIJ,JOT
MISS,LLIJ,LLIJ,JOI
MISS,LLIJ,LLIJ,JOL
MISS,LLIJ,LLIJ,JOS
MISS,LLIJ,LLIJ,JOZ
MISS,LLIJ,LLIJ,JST
MISS,LLIJ,LLIJ,JSI
MISS,LLIJ,LLIJ,JSL
MISS,LLIJ,LLIJ,JSO
MISS,LLIJ,LLIJ,JSZ
MISS,LLIJ,LLIJ,JZT
MISS,LLIJ,LLIJ,JZI
MISS,LLIJ,LLIJ,JZL
MISS,LLIJ,LLIJ,JZO
MISS,LLIJ,LLIJ,JZS
MISS,LLIJ,LLIJ,LTI
MISS,LLIJ,LLIJ,LTJ
MISS,LLIJ,LLIJ,LTO
MISS,LLIJ,LLIJ,LTS
MISS,LLIJ,LLIJ,LTZ
MISS,LLIJ,LLIJ,LIT
MISS,LLIJ,LLIJ,LIJ
MISS,LLIJ,LLIJ,LIO
MISS,LLIJ,LLIJ,LIS
MISS,LLIJ,LLIJ,LIZ
MISS,LLIJ,LLIJ,LJT
MISS,LLIJ,LLIJ,LJI
MISS,LLIJ,LLIJ,LJO
MISS,LLIJ,LLIJ,LJS
MISS,LLIJ,LLIJ,LJZ
MISS,LLIJ,LLIJ,LOT
MISS,LLIJ,LLIJ,LOI
MISS,LLIJ,LLIJ,LOJ
MISS,LLIJ,LLIJ,LOS
MISS,LLIJ,LLIJ,LOZ
MISS,LLIJ,LLIJ,LST
MISS,LLIJ,LLIJ,LSI
MISS,LLIJ,LLIJ,LSJ
MISS,LLIJ,LLIJ,LSO
MISS,LLIJ,LLIJ,LSZ
MISS,LLIJ,LLIJ,LZT
MISS,LLIJ,LLIJ,LZI
MISS,LLIJ,LLIJ,LZJ
MISS,LLIJ,LLIJ,LZO
MISS,LLIJ,LLIJ,LZS
MISS,LLIJ,LLIJ,OTI
MISS,LLIJ,LLIJ,OTJ
MISS,LLIJ,LLIJ,OTL
MISS,LLIJ,LLIJ,OTS
MISS,LLIJ,LLIJ,OTZ
MISS,LLIJ,LLIJ,OIT
MISS,LLIJ,LLIJ,OIJ
MISS,LLIJ,LLIJ,OIL
MISS,LLIJ,LLIJ,OIS
MISS,LLIJ,LLIJ,OIZ
MISS,LLIJ,LLIJ,OJT
MISS,LLIJ,LLIJ,OJI
MISS,LLIJ,LLIJ,OJL
MISS,LLIJ,LLIJ,OJS
MISS,LLIJ,LLIJ,OJZ
MISS,LLIJ,LLIJ,OLT
MISS,LLIJ,LLIJ,OLI
MISS,LLIJ,LLIJ,OLJ
MISS,LLIJ,LLIJ,OLS
MISS,LLIJ,LLIJ,OLZ
MISS,LLIJ,LLIJ,OST
MISS,LLIJ,LLIJ,OSI
MISS,LLIJ,LLIJ,OSJ
MISS,LLIJ,LLIJ,OSL
MISS,LLIJ,LLIJ,OSZ
MISS,LLIJ,LLIJ,OZT
MISS,LLIJ,LLIJ,OZI
MISS,LLIJ,LLIJ,OZJ
MISS,LLIJ,LLIJ,OZL
MISS,LLIJ,LLIJ,OZS
MISS,LLIJ,LLIJ,STI
MISS,LLIJ,LLIJ,STJ
MISS,LLIJ,LLIJ,STL
MISS,LLIJ,LLIJ,STO
MISS,LLIJ,LLIJ,STZ
MISS,LLIJ,LLIJ,SIT
MISS,LLIJ,LLIJ,SIJ
MISS,LLIJ,LLIJ,SIL
MISS,LLIJ,LLIJ,SIO
MISS,LLIJ,LLIJ,SIZ
MISS,LLIJ,LLIJ,SJT
MISS,LLIJ,LLIJ,SJI
MISS,LLIJ,LLIJ,SJL
MISS,LLIJ,LLIJ,SJO
MISS,LLIJ,LLIJ,SJZ
MISS,LLIJ,LLIJ,SLT
MISS,LLIJ,LLIJ,SLI
MISS,LLIJ,LLIJ,SLJ
MISS,LLIJ,LLIJ,SLO
MISS,LLIJ,LLIJ,SLZ
MISS,LLIJ,LLIJ,SOT
MISS,LLIJ,LLIJ,SOI
MISS,LLIJ,LLIJ,SOJ
MISS,LLIJ,LLIJ,SOL
MISS,LLIJ,LLIJ,SOZ
MISS,LLIJ,LLIJ,SZT
MISS,LLIJ,LLIJ,SZI
MISS,LLIJ,LLIJ,SZJ
MISS,LLIJ,LLIJ,SZL
MISS,LLIJ,LLIJ,SZO
MISS,LLIJ,LLIJ,ZTI
MISS,LLIJ,LLIJ,ZTJ
MISS,LLIJ,LLIJ,ZTL
MISS,LLIJ,LLIJ,ZTO
MISS,LLIJ,LLIJ,ZTS
MISS,LLIJ,LLIJ,ZIT
MISS,LLIJ,LLIJ,ZIJ
MISS,LLIJ,LLIJ,ZIL
MISS,LLIJ,LLIJ,ZIO
MISS,LLIJ,LLIJ,ZIS
MISS,LLIJ,LLIJ,ZJT
MISS,LLIJ,LLIJ,ZJI
MISS,LLIJ,LLIJ,ZJL
MISS,LLIJ,LLIJ,ZJO
MISS,LLIJ,LLIJ,ZJS
MISS,LLIJ,LLIJ,ZLT
MISS,LLIJ,LLIJ,ZLI
MISS,LLIJ,LLIJ,ZLJ
MISS,LLIJ,LLIJ,ZLO
MISS,LLIJ,LLIJ,ZLS
MISS,LLIJ,LLIJ,ZOT
MISS,LLIJ,LLIJ,ZOI
MISS,LLIJ,LLIJ,ZOJ
MISS,LLIJ,LLIJ,ZOL
MISS,LLIJ,LLIJ,ZOS
MISS,LLIJ,LLIJ,ZST
MISS,LLIJ,LLIJ,ZSI
MISS,LLIJ,LLIJ,ZSJ
MISS,LLIJ,LLIJ,ZSL
MISS,LLIJ,LLIJ,ZSO
MISS,LLIJ,LLJI
MISS,LLIJ,LILJ
MISS,LLIJ,LIJL
MISS,LLIJ,LJLI
MISS,LLIJ,LJIL
MISS,LLIJ,ILLJ
MISS,LLIJ,ILJL
MISS,LLIJ,IJLL
MISS,LLIJ,JLLI
MISS,LLIJ,JLIL
MISS,LLIJ,JILL
HIT,LLIO
HIT,LLIS
HIT,LLIZ
HIT,LLJO,LLJO,TIJ
HIT,LLJO,LLJO,TIL
HIT,LLJO,LLJO,TIO
HIT,LLJO,LLJO,TIS
HIT,LLJO,LLJO,TIZ
HIT,LLJO,LLJO,TJI
HIT,LLJO,LLJO,TJL
HIT,LLJO,LLJO,TJO
HIT,LLJO,LLJO,TJS
HIT,LLJO,LLJO,TJZ
HIT,LLJO,LLJO,TLI
HIT,LLJO,LLJO,TLJ
HIT,LLJO,LLJO,TLO
HIT,LLJO,LLJO,TLS
HIT,LLJO,LLJO,TLZ
HIT,LLJO,LLJO,TOI
HIT,LLJO,LLJO,TOJ
HIT,LLJO,LLJO,TOL
HIT,LLJO,LLJO,TOS
HIT,LLJO,LLJO,TOZ
HIT,LLJO,LLJO,TSI
HIT,LLJO,LLJO,TSJ
HIT,LLJO,LLJO,TSL
HIT,LLJO,LLJO,TSO
HIT,LLJO,LLJO,TSZ
HIT,LLJO,LLJO,TZI
HIT,LLJO,LLJO,TZJ
HIT,LLJO,LLJO,TZL
HIT,LLJO,LLJO,TZO
HIT,LLJO,LLJO,TZS
HIT,LLJO,LLJO,ITJ
HIT,LLJO,LLJO,ITL
HIT,LLJO,LLJO,ITO
HIT,LLJO,LLJO,ITS
HIT,LLJO,LLJO,ITZ
HIT,LLJO,LLJO,IJT
HIT,LLJO,LLJO,IJL
HIT,LLJO,LLJO,IJO
HIT,LLJO,LLJO,IJS
HIT,LLJO,LLJO,IJZ
HIT,LLJO,LLJO,ILT
HIT,LLJO,LLJO,ILJ
HIT,LLJO,LLJO,ILO
HIT,LLJO,LLJO,ILS
HIT,LLJO,LLJO,ILZ
HIT,LLJO,LLJO,IOT
HIT,LLJO,LLJO,IOJ
HIT,LLJO,LLJO,IOL
HIT,LLJO,LLJO,IOS
HIT,LLJO,LLJO,IOZ
HIT,LLJO,LLJO,IST
HIT,LLJO,LLJO,ISJ
HIT,LLJO,LLJO,ISL
HIT,LLJO,LLJO,ISO
HIT,LLJO,LLJO,ISZ
HIT,LLJO,LLJO,IZT
HIT,LLJO,LLJO,IZJ
HIT,LLJO,LLJO,IZL
HIT,LLJO,LLJO,IZO
HIT,LLJO,LLJO,IZS
HIT,LLJO,LLJO,JTI
HIT,LLJO,LLJO,JTL
HIT,LLJO,LLJO,JTO
HIT,LLJO,LLJO,JTS
HIT,LLJO,LLJO,JTZ
HIT,LLJO,LLJO,JIT
HIT,LLJO,LLJO,JIL
HIT,LLJO,LLJO,JIO
HIT,LLJO,LLJO,JIS
HIT,LLJO,LLJO,JIZ
HIT,LLJO,LLJO,JLT
HIT,LLJO,LLJO,JLI
HIT,LLJO,LLJO,JLO
HIT,LLJO,LLJO,JLS
HIT,LLJO,LLJO,JLZ
HIT,LLJO,LLJO,JOT
HIT,LLJO,LLJO,JOI
HIT,LLJO,LLJO,JOL
HIT,LLJO,LLJO,JOS
HIT,LLJO,LLJO,JOZ
HIT,LLJO,LLJO,JST
HIT,LLJO,LLJO,JSI
HIT,LLJO,LLJO,JSL
HIT,LLJO,LLJO,JSO
HIT,LLJO,LLJO,JSZ
HIT,LLJO,LLJO,JZT
HIT,LLJO,LLJO,JZI
HIT,LLJO,LLJO,JZL
HIT,LLJO,LLJO,JZO
HIT,LLJO,LLJO,JZS
HIT,LLJO,LLJO,LTI
HIT,LLJO,LLJO,LTJ
HIT,LLJO,LLJO,LTO
HIT,LLJO,LLJO,LTS
HIT,LLJO,LLJO,LTZ
HIT,LLJO,LLJO,LIT
HIT,LLJO,LLJO,LIJ
HIT,LLJO,LLJO,LIO
HIT,LLJO,LLJO,LIS
HIT,LLJO,LLJO,LIZ
HIT,LLJO,LLJO,LJT
HIT,LLJO,LLJO,LJI
HIT,LLJO,LLJO,LJO
HIT,LLJO,LLJO,LJS
HIT,LLJO,LLJO,LJZ
HIT,LLJO,LLJO,LOT
HIT,LLJO,LLJO,LOI
HIT,LLJO,LLJO,LOJ
HIT,LLJO,LLJO,LOS
HIT,LLJO,LLJO,LOZ
HIT,LLJO,LLJO,LST
HIT,LLJO,LLJO,LSI
HIT,LLJO,LLJO,LSJ
HIT,LLJO,LLJO,LSO
HIT,LLJO,LLJO,LSZ
HIT,LLJO,LLJO,LZT
HIT,LLJO,LLJO,LZI
HIT,LLJO,LLJO,LZJ
HIT,LLJO,LLJO,LZO
HIT,LLJO,LLJO,LZS
HIT,LLJO,LLJO,OTI
HIT,LLJO,LLJO,OTJ
HIT,LLJO,LLJO,OTL
HIT,LLJO,LLJO,OTS
HIT,LLJO,LLJO,OTZ
MISS,LLJO,LLJO,OIT
MISS,LLJO,LLJO,OIJ
MISS,LLJO,LLJO,OIL
MISS,LLJO,LLJO,OIS
MISS,LLJO,LLJO,OIZ
MISS,LLJO,LLJO,OJT
MISS,LLJO,LLJO,OJI
MISS,LLJO,LLJO,OJL
MISS,LLJO,LLJO,OJS
MISS,LLJO,LLJO,OJZ
MISS,LLJO,LLJO,OLT
MISS,LLJO,LLJO,OLI
MISS,LLJO,LLJO,OLJ
MISS,LLJO,LLJO,OLS
MISS,LLJO,LLJO,OLZ
MISS,LLJO,LLJO,OST
MISS,LLJO,LLJO,OSI
MISS,LLJO,LLJO,OSJ
MISS,LLJO,LLJO,OSL
MISS,LLJO,LLJO,OSZ
MISS,LLJO,LLJO,OZT
MISS,LLJO,LLJO,OZI
MISS,LLJO,LLJO,OZJ
MISS,LLJO,LLJO,OZL
MISS,LLJO,LLJO,OZS
MISS,LLJO,LLJO,STI
MISS,LLJO,LLJO,STJ
MISS,LLJO,LLJO,STL
MISS,LLJO,LLJO,STO
MISS,LLJO,LLJO,STZ
MISS,LLJO,LLJO,SIT
MISS,LLJO,LLJO,SIJ
MISS,LLJO,LLJO,SIL
MISS,LLJO,LLJO,SIO
MISS,LLJO,LLJO,SIZ
MISS,LLJO,LLJO,SJT
MISS,LLJO,LLJO,SJI
MISS,LLJO,LLJO,SJL
MISS,LLJO,LLJO,SJO
MISS,LLJO,LLJO,SJZ
MISS,LLJO,LLJO,SLT
MISS,LLJO,LLJO,SLI
MISS,LLJO,LLJO,SLJ
MISS,LLJO,LLJO,SLO
MISS,LLJO,LLJO,SLZ
MISS,LLJO,LLJO,SOT
MISS,LLJO,LLJO,SOI
MISS,LLJO,LLJO,SOJ
MISS,LLJO,LLJO,SOL
MISS,LLJO,LLJO,SOZ
MISS,LLJO,LLJO,SZT
MISS,LLJO,LLJO,SZI
MISS,LLJO,LLJO,SZJ
MISS,LLJO,LLJO,SZL
MISS,LLJO,LLJO,SZO
MISS,LLJO,LLJO,ZTI
MISS,LLJO,LLJO,ZTJ
MISS,LLJO,LLJO,ZTL
MISS,LLJO,LLJO,ZTO
MISS,LLJO,LLJO,ZTS
MISS,LLJO,LLJO,ZIT
MISS,LLJO,LLJO,ZIJ
MISS,LLJO,LLJO,ZIL
MISS,LLJO,LLJO,ZIO
MISS,LLJO,LLJO,ZIS
MISS,LLJO,LLJO,ZJT
MISS,LLJO,LLJO,ZJI
MISS,LLJO,LLJO,ZJL
MISS,LLJO,LLJO,ZJO
MISS,LLJO,LLJO,ZJS
MISS,LLJO,LLJO,ZLT
MISS,LLJO,LLJO,ZLI
MISS,LLJO,LLJO,ZLJ
MISS,LLJO,LLJO,ZLO
MISS,LLJO,LLJO,ZLS
MISS,LLJO,LLJO,ZOT
MISS,LLJO,LLJO,ZOI
MISS,LLJO,LLJO,ZOJ
MISS,LLJO,LLJO,ZOL
MISS,LLJO,LLJO,ZOS
MISS,LLJO,LLJO,ZST
MISS,LLJO,LLJO,ZSI
MISS,LLJO,LLJO,ZSJ
MISS,LLJO,LLJO,ZSL
MISS,LLJO,LLJO,ZSO
MISS,LLJO,LLOJ
MISS,LLJO,LJLO
MISS,LLJO,LJOL
MISS,LLJO,LOLJ
MISS,LLJO,LOJL
MISS,LLJO,JLLO
MISS,LLJO,JLOL
MISS,LLJO,JOLL
MISS,LLJO,OLLJ
MISS,LLJO,OLJL
MISS,LLJO,OJLL
HIT,LLJS,LLJS
HIT,LLJS,LLSJ,TIJ
HIT,LLJS,LLSJ,TIL
HIT,LLJS,LLSJ,TIO
HIT,LLJS,LLSJ,TIS
HIT,LLJS,LLSJ,TIZ
HIT,LLJS,LLSJ,TJI
HIT,LLJS,LLSJ,TJL
HIT,LLJS,LLSJ,TJO
HIT,LLJS,LLSJ,TJS
HIT,LLJS,LLSJ,TJZ
HIT,LLJS,LLSJ,TLI
HIT,LLJS,LLSJ,TLJ
HIT,LLJS,LLSJ,TLO
HIT,LLJS,LLSJ,TLS
HIT,LLJS,LLSJ,TLZ
HIT,LLJS,LLSJ,TOI
HIT,LLJS,LLSJ,TOJ
HIT,LLJS,LLSJ,TOL
HIT,LLJS,LLSJ,TOS
HIT,LLJS,LLSJ,TOZ
HIT,LLJS,LLSJ,TSI
HIT,LLJS,LLSJ,TSJ
HIT,LLJS,LLSJ,TSL
HIT,LLJS,LLSJ,TSO
HIT,LLJS,LLSJ,TSZ
HIT,LLJS,LLSJ,TZI
HIT,LLJS,LLSJ,TZJ
HIT,LLJS,LLSJ,TZL
HIT,LLJS,LLSJ,TZO
HIT,LLJS,LLSJ,TZS
HIT,LLJS,LLSJ,ITJ
HIT,LLJS,LLSJ,ITL
HIT,LLJS,LLSJ,ITO
HIT,LLJS,LLSJ,ITS
HIT,LLJS,LLSJ,ITZ
HIT,LLJS,LLSJ,IJT
HIT,LLJS,LLSJ,IJL
HIT,LLJS,LLSJ,IJO
HIT,LLJS,LLSJ,IJS
HIT,LLJS,LLSJ,IJZ
HIT,LLJS,LLSJ,ILT
MISS,LLJS,LLSJ,ILJ
MISS,LLJS,LLSJ,ILO
MISS,LLJS,LLSJ,ILS
MISS,LLJS,LLSJ,ILZ
MISS,LLJS,LLSJ,IOT
MISS,LLJS,LLSJ,IOJ
MISS,LLJS,LLSJ,IOL
MISS,LLJS,LLSJ,IOS
MISS,LLJS,LLSJ,IOZ
MISS,LLJS,LLSJ,IST
MISS,LLJS,LLSJ,ISJ
MISS,LLJS,LLSJ,ISL
MISS,LLJS,LLSJ,ISO
MISS,LLJS,LLSJ,ISZ
MISS,LLJS,LLSJ,IZT
MISS,LLJS,LLSJ,IZJ
MISS,LLJS,LLSJ,IZL
MISS,LLJS,LLSJ,IZO
MISS,LLJS,LLSJ,IZS
MISS,LLJS,LLSJ,JTI
MISS,LLJS,LLSJ,JTL
MISS,LLJS,LLSJ,JTO
MISS,LLJS,LLSJ,JTS
MISS,LLJS,LLSJ,JTZ
MISS,LLJS,LLSJ,JIT
MISS,LLJS,LLSJ,JIL
MISS,LLJS,LLSJ,JIO
MISS,LLJS,LLSJ,JIS
MISS,LLJS,LLSJ,JIZ
MISS,LLJS,LLSJ,JLT
MISS,LLJS,LLSJ,JLI
MISS,LLJS,LLSJ,JLO
MISS,LLJS,LLSJ,JLS
MISS,LLJS,LLSJ,JLZ
MISS,LLJS,LLSJ,JOT
MISS,LLJS,LLSJ,JOI
MISS,LLJS,LLSJ,JOL
MISS,LLJS,LLSJ,JOS
MISS,LLJS,LLSJ,JOZ
MISS,LLJS,LLSJ,JST
MISS,LLJS,LLSJ,JSI
MISS,LLJS,LLSJ,JSL
MISS,LLJS,LLSJ,JSO
MISS,LLJS,LLSJ,JSZ
MISS,LLJS,LLSJ,JZT
MISS,LLJS,LLSJ,JZI
MISS,LLJS,LLSJ,JZL
MISS,LLJS,LLSJ,JZO
MISS,LLJS,LLSJ,JZS
MISS,LLJS,LLSJ,LTI
MISS,LLJS,LLSJ,LTJ
MISS,LLJS,LLSJ,LTO
MISS,LLJS,LLSJ,LTS
MISS,LLJS,LLSJ,LTZ
MISS,LLJS,LLSJ,LIT
MISS,LLJS,LLSJ,LIJ
MISS,LLJS,LLSJ,LIO
MISS,LLJS,LLSJ,LIS
MISS,LLJS,LLSJ,LIZ
MISS,LLJS,LLSJ,LJT
MISS,LLJS,LLSJ,LJI
MISS,LLJS,LLSJ,LJO
MISS,LLJS,LLSJ,LJS
MISS,LLJS,LLSJ,LJZ
MISS,LLJS,LLSJ,LOT
MISS,LLJS,LLSJ,LOI
MISS,LLJS,LLSJ,LOJ
MISS,LLJS,LLSJ,LOS
MISS,LLJS,LLSJ,LOZ
MISS,LLJS,LLSJ,LST
MISS,LLJS,LLSJ,LSI
MISS,LLJS,LLSJ,LSJ
MISS,LLJS,LLSJ,LSO
MISS,LLJS,LLSJ,LSZ
MISS,LLJS,LLSJ,LZT
MISS,LLJS,LLSJ,LZI
MISS,LLJS,LLSJ,LZJ
MISS,LLJS,LLSJ,LZO
MISS,LLJS,LLSJ,LZS
MISS,LLJS,LLSJ,OTI
MISS,LLJS,LLSJ,OTJ
MISS,LLJS,LLSJ,OTL
MISS,LLJS,LLSJ,OTS
MISS,LLJS,LLSJ,OTZ
MISS,LLJS,LLSJ,OIT
MISS,LLJS,LLSJ,OIJ
MISS,LLJS,LLSJ,OIL
MISS,LLJS,LLSJ,OIS
MISS,LLJS,LLSJ,OIZ
MISS,LLJS,LLSJ,OJT
MISS,LLJS,LLSJ,OJI
MISS,LLJS,LLSJ,OJL
MISS,LLJS,LLSJ,OJS
MISS,LLJS,LLSJ,OJZ
MISS,LLJS,LLSJ,OLT
MISS,LLJS,LLSJ,OLI
MISS,LLJS,LLSJ,OLJ
MISS,LLJS,LLSJ,OLS
MISS,LLJS,LLSJ,OLZ
MISS,LLJS,LLSJ,OST
MISS,LLJS,LLSJ,OSI
MISS,LLJS,LLSJ,OSJ
MISS,LLJS,LLSJ,OSL
MISS,LLJS,LLSJ,OSZ
MISS,LLJS,LLSJ,OZT
MISS,LLJS,LLSJ,OZI
MISS,LLJS,LLSJ,OZJ
MISS,LLJS,LLSJ,OZL
MISS,LLJS,LLSJ,OZS
MISS,LLJS,LLSJ,STI
MISS,LLJS,LLSJ,STJ
MISS,LLJS,LLSJ,STL
MISS,LLJS,LLSJ,STO
MISS,LLJS,LLSJ,STZ
MISS,LLJS,LLSJ,SIT
MISS,LLJS,LLSJ,SIJ
MISS,LLJS,LLSJ,SIL
MISS,LLJS,LLSJ,SIO
MISS,LLJS,LLSJ,SIZ
MISS,LLJS,LLSJ,SJT
MISS,LLJS,LLSJ,SJI
MISS,LLJS,LLSJ,SJL
MISS,LLJS,LLSJ,SJO
MISS,LLJS,LLSJ,SJZ
MISS,LLJS,LLSJ,SLT
MISS,LLJS,LLSJ,SLI
MISS,LLJS,LLSJ,SLJ
MISS,LLJS,LLSJ,SLO
MISS,LLJS,LLSJ,SLZ
MISS,LLJS,LLSJ,SOT
MISS,LLJS,LLSJ,SOI
MISS,LLJS,LLSJ,SOJ
MISS,LLJS,LLSJ,SOL
MISS,LLJS,LLSJ,SOZ
MISS,LLJS,LLSJ,SZT
MISS,LLJS,LLSJ,SZI
MISS,LLJS,LLSJ,SZJ
MISS,LLJS,LLSJ,SZL
MISS,LLJS,LLSJ,SZO
MISS,LLJS,LLSJ,ZTI
MISS,LLJS,LLSJ,ZTJ
MISS,LLJS,LLSJ,ZTL
MISS,LLJS,LLSJ,ZTO
MISS,LLJS,LLSJ,ZTS
MISS,LLJS,LLSJ,ZIT
MISS,LLJS,LLSJ,ZIJ
MISS,LLJS,LLSJ,ZIL
MISS,LLJS,LLSJ,ZIO
MISS,LLJS,LLSJ,ZIS
MISS,LLJS,LLSJ,ZJT
MISS,LLJS,LLSJ,ZJI
MISS,LLJS,LLSJ,ZJL
MISS,LLJS,LLSJ,ZJO
MISS,LLJS,LLSJ,ZJS
MISS,LLJS,LLSJ,ZLT
MISS,LLJS,LLSJ,ZLI
MISS,LLJS,LLSJ,ZLJ
MISS,LLJS,LLSJ,ZLO
MISS,LLJS,LLSJ,ZLS
MISS,LLJS,LLSJ,ZOT
MISS,LLJS,LLSJ,ZOI
MISS,LLJS,LLSJ,ZOJ
MISS,LLJS,LLSJ,ZOL
MISS,LLJS,LLSJ,ZOS
MISS,LLJS,LLSJ,ZST
MISS,LLJS,LLSJ,ZSI
MISS,LLJS,LLSJ,ZSJ
MISS,LLJS,LLSJ,ZSL
MISS,LLJS,LLSJ,ZSO
MISS,LLJS,LJLS
MISS,LLJS,LJSL
MISS,LLJS,LSLJ
MISS,LLJS,LSJL
MISS,LLJS,JLLS
MISS,LLJS,JLSL
MISS,LLJS,JSLL
MISS,LLJS,SLLJ
MISS,LLJS,SLJL
MISS,LLJS,SJLL
HIT,LLJZ,LLJZ,TIJ
HIT,LLJZ,LLJZ,TIL
HIT,LLJZ,LLJZ,TIO
HIT,LLJZ,LLJZ,TIS
MISS,LLJZ,LLJZ,TIZ
MISS,LLJZ,LLJZ,TJI
MISS,LLJZ,LLJZ,TJL
MISS,LLJZ,LLJZ,TJO
MISS,LLJZ,LLJZ,TJS
MISS,LLJZ,LLJZ,TJZ
MISS,LLJZ,LLJZ,TLI
MISS,LLJZ,LLJZ,TLJ
MISS,LLJZ,LLJZ,TLO
MISS,LLJZ,LLJZ,TLS
MISS,LLJZ,LLJZ,TLZ
MISS,LLJZ,LLJZ,TOI
MISS,LLJZ,LLJZ,TOJ
MISS,LLJZ,LLJZ,TOL
MISS,LLJZ,LLJZ,TOS
MISS,LLJZ,LLJZ,TOZ
MISS,LLJZ,LLJZ,TSI
MISS,LLJZ,LLJZ,TSJ
MISS,LLJZ,LLJZ,TSL
MISS,LLJZ,LLJZ,TSO
MISS,LLJZ,LLJZ,TSZ
MISS,LLJZ,LLJZ,TZI
MISS,LLJZ,LLJZ,TZJ
MISS,LLJZ,LLJZ,TZL
MISS,LLJZ,LLJZ,TZO
MISS,LLJZ,LLJZ,TZS
MISS,LLJZ,LLJZ,ITJ
MISS,LLJZ,LLJZ,ITL
MISS,LLJZ,LLJZ,ITO
MISS,LLJZ,LLJZ,ITS
MISS,LLJZ,LLJZ,ITZ
MISS,LLJZ,LLJZ,IJT
MISS,LLJZ,LLJZ,IJL
MISS,LLJZ,LLJZ,IJO
MISS,LLJZ,LLJZ,IJS
MISS,LLJZ,LLJZ,IJZ
MISS,LLJZ,LLJZ,ILT
MISS,LLJZ,LLJZ,ILJ
MISS,LLJZ,LLJZ,ILO
MISS,LLJZ,LLJZ,ILS
MISS,LLJZ,LLJZ,ILZ
MISS,LLJZ,LLJZ,IOT
MISS,LLJZ,LLJZ,IOJ
MISS,LLJZ,LLJZ,IOL
MISS,LLJZ,LLJZ,IOS
MISS,LLJZ,LLJZ,IOZ
MISS,LLJZ,LLJZ,IST
MISS,LLJZ,LLJZ,ISJ
MISS,LLJZ,LLJZ,ISL
MISS,LLJZ,LLJZ,ISO
MISS,LLJZ,LLJZ,ISZ
MISS,LLJZ,LLJZ,IZT
MISS,LLJZ,LLJZ,IZJ
MISS,LLJZ,LLJZ,IZL
MISS,LLJZ,LLJZ,IZO
MISS,LLJZ,LLJZ,IZS
MISS,LLJZ,LLJZ,JTI
MISS,LLJZ,LLJZ,JTL
MISS,LLJZ,LLJZ,JTO
MISS,LLJZ,LLJZ,JTS
MISS,LLJZ,LLJZ,JTZ
MISS,LLJZ,LLJZ,JIT
MISS,LLJZ,LLJZ,JIL
MISS,LLJZ,LLJZ,JIO
MISS,LLJZ,LLJZ,JIS
MISS,LLJZ,LLJZ,JIZ
MISS,LLJZ,LLJZ,JLT
MISS,LLJZ,LLJZ,JLI
MISS,LLJZ,LLJZ,JLO
MISS,LLJZ,LLJZ,JLS
MISS,LLJZ,LLJZ,JLZ
MISS,LLJZ,LLJZ,JOT
MISS,LLJZ,LLJZ,JOI
MISS,LLJZ,LLJZ,JOL
MISS,LLJZ,LLJZ,JOS
MISS,LLJZ,LLJZ,JOZ
MISS,LLJZ,LLJZ,JST
MISS,LLJZ,LLJZ,JSI
MISS,LLJZ,LLJZ,JSL
MISS,LLJZ,LLJZ,JSO
MISS,LLJZ,LLJZ,JSZ
MISS,LLJZ,LLJZ,JZT
MISS,LLJZ,LLJZ,JZI
MISS,LLJZ,LLJZ,JZL
MISS,LLJZ,LLJZ,JZO
MISS,LLJZ,LLJZ,JZS
MISS,LLJZ,LLJZ,LTI
MISS,LLJZ,LLJZ,LTJ
MISS,LLJZ,LLJZ,LTO
MISS,LLJZ,LLJZ,LTS
MISS,LLJZ,LLJZ,LTZ
MISS,LLJZ,LLJZ,LIT
MISS,LLJZ,LLJZ,LIJ
MISS,LLJZ,LLJZ,LIO
MISS,LLJZ,LLJZ,LIS
MISS,LLJZ,LLJZ,LIZ
MISS,LLJZ,LLJZ,LJT
MISS,LLJZ,LLJZ,LJI
MISS,LLJZ,LLJZ,LJO
MISS,LLJZ,LLJZ,LJS
MISS,LLJZ,LLJZ,LJZ
MISS,LLJZ,LLJZ,LOT
MISS,LLJZ,LLJZ,LOI
MISS,LLJZ,LLJZ,LOJ
MISS,LLJZ,LLJZ,LOS
MISS,LLJZ,LLJZ,LOZ
MISS,LLJZ,LLJZ,LST
MISS,LLJZ,LLJZ,LSI
MISS,LLJZ,LLJZ,LSJ
MISS,LLJZ,LLJZ,LSO
MISS,LLJZ,LLJZ,LSZ
MISS,LLJZ,LLJZ,LZT
MISS,LLJZ,LLJZ,LZI
MISS,LLJZ,LLJZ,LZJ
MISS,LLJZ,LLJZ,LZO
MISS,LLJZ,LLJZ,LZS
MISS,LLJZ,LLJZ,OTI
MISS,LLJZ,LLJZ,OTJ
MISS,LLJZ,LLJZ,OTL
MISS,LLJZ,LLJZ,OTS
MISS,LLJZ,LLJZ,OTZ
MISS,LLJZ,LLJZ,OIT
MISS,LLJZ,LLJZ,OIJ
MISS,LLJZ,LLJZ,OIL
MISS,LLJZ,LLJZ,OIS
MISS,LLJZ,LLJZ,OIZ
MISS,LLJZ,LLJZ,OJT
MISS,LLJZ,LLJZ,OJI
MISS,LLJZ,LLJZ,OJL
MISS,LLJZ,LLJZ,OJS
MISS,LLJZ,LLJZ,OJZ
MISS,LLJZ,LLJZ,OLT
MISS,LLJZ,LLJZ,OLI
MISS,LLJZ,LLJZ,OLJ
MISS,LLJZ,LLJZ,OLS
MISS,LLJZ,LLJZ,OLZ
MISS,LLJZ,LLJZ,OST
MISS,LLJZ,LLJZ,OSI
MISS,LLJZ,LLJZ,OSJ
MISS,LLJZ,LLJZ,OSL
MISS,LLJZ,LLJZ,OSZ
MISS,LLJZ,LLJZ,OZT
MISS,LLJZ,LLJZ,OZI
MISS,LLJZ,LLJZ,OZJ
MISS,LLJZ,LLJZ,OZL
MISS,LLJZ,LLJZ,OZS
MISS,LLJZ,LLJZ,STI
MISS,LLJZ,LLJZ,STJ
MISS,LLJZ,LLJZ,STL
MISS,LLJZ,LLJZ,STO
MISS,LLJZ,LLJZ,STZ
MISS,LLJZ,LLJZ,SIT
MISS,LLJZ,LLJZ,SIJ
MISS,LLJZ,LLJZ,SIL
MISS,LLJZ,LLJZ,SIO
MISS,LLJZ,LLJZ,SIZ
MISS,LLJZ,LLJZ,SJT
MISS,LLJZ,LLJZ,SJI
MISS,LLJZ,LLJZ,SJL
MISS,LLJZ,LLJZ,SJO
MISS,LLJZ,LLJZ,SJZ
MISS,LLJZ,LLJZ,SLT
MISS,LLJZ,LLJZ,SLI
MISS,LLJZ,LLJZ,SLJ
MISS,LLJZ,LLJZ,SLO
MISS,LLJZ,LLJZ,SLZ
MISS,LLJZ,LLJZ,SOT
MISS,LLJZ,LLJZ,SOI
MISS,LLJZ,LLJZ,SOJ
MISS,LLJZ,LLJZ,SOL
MISS,LLJZ,LLJZ,SOZ
MISS,LLJZ,LLJZ,SZT
MISS,LLJZ,LLJZ,SZI
MISS,LLJZ,LLJZ,SZJ
MISS,LLJZ,LLJZ,SZL
MISS,LLJZ,LLJZ,SZO
MISS,LLJZ,LLJZ,ZTI
MISS,LLJZ,LLJZ,ZTJ
MISS,LLJZ,LLJZ,ZTL
MISS,LLJZ,LLJZ,ZTO
MISS,LLJZ,LLJZ,ZTS
MISS,LLJZ,LLJZ,ZIT
MISS,LLJZ,LLJZ,ZIJ
MISS,LLJZ,LLJZ,ZIL
MISS,LLJZ,LLJZ,ZIO
MISS,LLJZ,LLJZ,ZIS
MISS,LLJZ,LLJZ,ZJT
MISS,LLJZ,LLJZ,ZJI
MISS,LLJZ,LLJZ,ZJL
MISS,LLJZ,LLJZ,ZJO
MISS,LLJZ,LLJZ,ZJS
MISS,LLJZ,LLJZ,ZLT
MISS,LLJZ,LLJZ,ZLI
MISS,LLJZ,LLJZ,ZLJ
MISS,LLJZ,LLJZ,ZLO
MISS,LLJZ,LLJZ,ZLS
MISS,LLJZ,LLJZ,ZOT
MISS,LLJZ,LLJZ,ZOI
MISS,LLJZ,LLJZ,ZOJ
MISS,LLJZ,LLJZ,ZOL
MISS,LLJZ,LLJZ,ZOS
MISS,LLJZ,LLJZ,ZST
MISS,LLJZ,LLJZ,ZSI
MISS,LLJZ,LLJZ,ZSJ
MISS,LLJZ,LLJZ,ZSL
MISS,LLJZ,LLJZ,ZSO
MISS,LLJZ,LLZJ
MISS,LLJZ,LJLZ
MISS,LLJZ,LJZL
MISS,LLJZ,LZLJ
MISS,LLJZ,LZJL
MISS,LLJZ,JLLZ
MISS,LLJZ,JLZL
MISS,LLJZ,JZLL
MISS,LLJZ,ZLLJ
MISS,LLJZ,ZLJL
MISS,LLJZ,ZJLL
HIT,LLOS,LLOS,TIJ
HIT,LLOS,LLOS,TIL
HIT,LLOS,LLOS,TIO
HIT,LLOS,LLOS,TIS
HIT,LLOS,LLOS,TIZ
HIT,LLOS,LLOS,TJI
HIT,LLOS,LLOS,TJL
HIT,LLOS,LLOS,TJO
HIT,LLOS,LLOS,TJS
HIT,LLOS,LLOS,TJZ
HIT,LLOS,LLOS,TLI
HIT,LLOS,LLOS,TLJ
HIT,LLOS,LLOS,TLO
HIT,LLOS,LLOS,TLS
HIT,LLOS,LLOS,TLZ
HIT,LLOS,LLOS,TOI
HIT,LLOS,LLOS,TOJ
HIT,LLOS,LLOS,TOL
HIT,LLOS,LLOS,TOS
HIT,LLOS,LLOS,TOZ
HIT,LLOS,LLOS,TSI
HIT,LLOS,LLOS,TSJ
HIT,LLOS,LLOS,TSL
HIT,LLOS,LLOS,TSO
HIT,LLOS,LLOS,TSZ
HIT,LLOS,LLOS,TZI
HIT,LLOS,LLOS,TZJ
HIT,LLOS,LLOS,TZL
HIT,LLOS,LLOS,TZO
HIT,LLOS,LLOS,TZS
HIT,LLOS,LLOS,ITJ
HIT,LLOS,LLOS,ITL
HIT,LLOS,LLOS,ITO
HIT,LLOS,LLOS,ITS
HIT,LLOS,LLOS,ITZ
HIT,LLOS,LLOS,IJT
HIT,LLOS,LLOS,IJL
HIT,LLOS,LLOS,IJO
HIT,LLOS,LLOS,IJS
HIT,LLOS,LLOS,IJZ
HIT,LLOS,LLOS,ILT
HIT,LLOS,LLOS,ILJ
HIT,LLOS,LLOS,ILO
HIT,LLOS,LLOS,ILS
HIT,LLOS,LLOS,ILZ
HIT,LLOS,LLOS,IOT
HIT,LLOS,LLOS,IOJ
HIT,LLOS,LLOS,IOL
HIT,LLOS,LLOS,IOS
HIT,LLOS,LLOS,IOZ
HIT,LLOS,LLOS,IST
HIT,LLOS,LLOS,ISJ
HIT,LLOS,LLOS,ISL
HIT,LLOS,LLOS,ISO
HIT,LLOS,LLOS,ISZ
HIT,LLOS,LLOS,IZT
HIT,LLOS,LLOS,IZJ
HIT,LLOS,LLOS,IZL
HIT,LLOS,LLOS,IZO
HIT,LLOS,LLOS,IZS
HIT,LLOS,LLOS,JTI
HIT,LLOS,LLOS,JTL
HIT,LLOS,LLOS,JTO
HIT,LLOS,LLOS,JTS
HIT,LLOS,LLOS,JTZ
HIT,LLOS,LLOS,JIT
HIT,LLOS,LLOS,JIL
HIT,LLOS,LLOS,JIO
HIT,LLOS,LLOS,JIS
HIT,LLOS,LLOS,JIZ
HIT,LLOS,LLOS,JLT
HIT,LLOS,LLOS,JLI
HIT,LLOS,LLOS,JLO
HIT,LLOS,LLOS,JLS
HIT,LLOS,LLOS,JLZ
HIT,LLOS,LLOS,JOT
HIT,LLOS,LLOS,JOI
HIT,LLOS,LLOS,JOL
HIT,LLOS,LLOS,JOS
HIT,LLOS,LLOS,JOZ
HIT,LLOS,LLOS,JST
HIT,LLOS,LLOS,JSI
HIT,LLOS,LLOS,JSL
HIT,LLOS,LLOS,JSO
HIT,LLOS,LLOS,JSZ
HIT,LLOS,LLOS,JZT
HIT,LLOS,LLOS,JZI
HIT,LLOS,LLOS,JZL
HIT,LLOS,LLOS,JZO
HIT,LLOS,LLOS,JZS
HIT,LLOS,LLOS,LTI
HIT,LLOS,LLOS,LTJ
HIT,LLOS,LLOS,LTO
HIT,LLOS,LLOS,LTS
HIT,LLOS,LLOS,LTZ
HIT,LLOS,LLOS,LIT
HIT,LLOS,LLOS,LIJ
HIT,LLOS,LLOS,LIO
HIT,LLOS,LLOS,LIS
HIT,LLOS,LLOS,LIZ
HIT,LLOS,LLOS,LJT
HIT,LLOS,LLOS,LJI
HIT,LLOS,LLOS,LJO
HIT,LLOS,LLOS,LJS
HIT,LLOS,LLOS,LJZ
HIT,LLOS,LLOS,LOT
HIT,LLOS,LLOS,LOI
HIT,LLOS,LLOS,LOJ
HIT,LLOS,LLOS,LOS
HIT,LLOS,LLOS,LOZ
HIT,LLOS,LLOS,LST
HIT,LLOS,LLOS,LSI
HIT,LLOS,LLOS,LSJ
HIT,LLOS,LLOS,LSO
HIT,LLOS,LLOS,LSZ
HIT,LLOS,LLOS,LZT
HIT,LLOS,LLOS,LZI
HIT,LLOS,LLOS,LZJ
HIT,LLOS,LLOS,LZO
HIT,LLOS,LLOS,LZS
HIT,LLOS,LLOS,OTI
HIT,LLOS,LLOS,OTJ
HIT,LLOS,LLOS,OTL
HIT,LLOS,LLOS,OTS
HIT,LLOS,LLOS,OTZ
HIT,LLOS,LLOS,OIT
HIT,LLOS,LLOS,OIJ
HIT,LLOS,LLOS,OIL
HIT,LLOS,LLOS,OIS
HIT,LLOS,LLOS,OIZ
HIT,LLOS,LLOS,OJT
HIT,LLOS,LLOS,OJI
HIT,LLOS,LLOS,OJL
HIT,LLOS,LLOS,OJS
HIT,LLOS,LLOS,OJZ
HIT,LLOS,LLOS,OLT
HIT,LLOS,LLOS,OLI
HIT,LLOS,LLOS,OLJ
HIT,LLOS,LLOS,OLS
HIT,LLOS,LLOS,OLZ
HIT,LLOS,LLOS,OST
HIT,LLOS,LLOS,OSI
HIT,LLOS,LLOS,OSJ
HIT,LLOS,LLOS,OSL
HIT,LLOS,LLOS,OSZ
HIT,LLOS,LLOS,OZT
HIT,LLOS,LLOS,OZI
HIT,LLOS,LLOS,OZJ
HIT,LLOS,LLOS,OZL
HIT,LLOS,LLOS,OZS
HIT,LLOS,LLOS,STI
HIT,LLOS,LLOS,STJ
HIT,LLOS,LLOS,STL
HIT,LLOS,LLOS,STO
HIT,LLOS,LLOS,STZ
HIT,LLOS,LLOS,SIT
HIT,LLOS,LLOS,SIJ
HIT,LLOS,LLOS,SIL
HIT,LLOS,LLOS,SIO
HIT,LLOS,LLOS,SIZ
HIT,LLOS,LLOS,SJT
HIT,LLOS,LLOS,SJI
HIT,LLOS,LLOS,SJL
HIT,LLOS,LLOS,SJO
HIT,LLOS,LLOS,SJZ
HIT,LLOS,LLOS,SLT
HIT,LLOS,LLOS,SLI
HIT,LLOS,LLOS,SLJ
HIT,LLOS,LLOS,SLO
HIT,LLOS,LLOS,SLZ
HIT,LLOS,LLOS,SOT
HIT,LLOS,LLOS,SOI
HIT,LLOS,LLOS,SOJ
HIT,LLOS,LLOS,SOL
HIT,LLOS,LLOS,SOZ
HIT,LLOS,LLOS,SZT
HIT,LLOS,LLOS,SZI
HIT,LLOS,LLOS,SZJ
HIT,LLOS,LLOS,SZL
HIT,LLOS,LLOS,SZO
HIT,LLOS,LLOS,ZTI
HIT,LLOS,LLOS,ZTJ
HIT,LLOS,LLOS,ZTL
HIT,LLOS,LLOS,ZTO
HIT,LLOS,LLOS,ZTS
HIT,LLOS,LLOS,ZIT
MISS,LLOS,LLOS,ZIJ
MISS,LLOS,LLOS,ZIL
MISS,LLOS,LLOS,ZIO
MISS,LLOS,LLOS,ZIS
MISS,LLOS,LLOS,ZJT
MISS,LLOS,LLOS,ZJI
MISS,LLOS,LLOS,ZJL
MISS,LLOS,LLOS,ZJO
MISS,LLOS,LLOS,ZJS
MISS,LLOS,LLOS,ZLT
MISS,LLOS,LLOS,ZLI
MISS,LLOS,LLOS,ZLJ
MISS,LLOS,LLOS,ZLO
MISS,LLOS,LLOS,ZLS
MISS,LLOS,LLOS,ZOT
MISS,LLOS,LLOS,ZOI
MISS,LLOS,LLOS,ZOJ
MISS,LLOS,LLOS,ZOL
MISS,LLOS,LLOS,ZOS
MISS,LLOS,LLOS,ZST
MISS,LLOS,LLOS,ZSI
MISS,LLOS,LLOS,ZSJ
MISS,LLOS,LLOS,ZSL
MISS,LLOS,LLOS,ZSO
MISS,LLOS,LLSO
MISS,LLOS,LOLS
MISS,LLOS,LOSL
MISS,LLOS,LSLO
MISS,LLOS,LSOL
MISS,LLOS,OLLS
MISS,LLOS,OLSL
MISS,LLOS,OSLL
MISS,LLOS,SLLO
MISS,LLOS,SLOL
MISS,LLOS,SOLL
MISS,LLOZ
MISS,LLSZ
